{
    "type": "ItemTurret",
    "name": "Gland",
    "description": "A small little biomass turret.",
    "targetAir": true,
    "targetGround": true,
    "health": 275
    "size": 1
    "inaccuracy": 10
    "reload": 15
    "xRand": 0,
    "squareSprite": false
    "shootCone": 8,
    "rotateSpeed": 4,
    "shots": 1,
    "range": 145
    "ammoTypes": {
               item-biomass: {
    type: BasicBulletType
    trailColor: feb380
    trailWidth: 1
    trailLength: 5
    speed: 3
	lifetime: 48
    damage: 8
    burstSpacing: 4,
    width: 8
    height: 12
    shootEffect: shootSmall
    smokeEffect: shootSmallSmoke
	hitEffect: hitLancer
    ammoMultiplier: 2
	shrinkY: 0.3
	pierce: false
	sprite: bullet
  }
               item-fungus: {
    type: BasicBulletType
    trailColor: feb380
    trailWidth: 1
    trailLength: 5
    speed: 3
	lifetime: 48
    damage: 28
    burstSpacing: 4,
    width: 8
    height: 12
    shootEffect: shootSmall
    smokeEffect: shootSmallSmoke
	hitEffect: hitLancer
    ammoMultiplier: 2
	shrinkY: 0.3
	pierce: true
	sprite: bullet
  }
    },
	drawer: {
		type: DrawTurret,
     		basePrefix: biomass,
		parts : [
    			{
      			type : RegionPart
      			suffix : "-w"
      			progress : recoil
      			heatProgress : recoil
      			heatColor : "ffffff"
      			mirror : true
      			under : true
      			moveX : 1
				moveY : -1
      			moveRot : -5
    			},
		]
	}
    "requirements": [
        { "item": "item-biomass", "amount": 35 },
	  { "item": "sand", "amount": 20 },
    ],
    "category": "turret"
    "shootSound": "pew"
    "research": fungi
    "shake": 0
    "researchCostMultiplier": 0.05
}