{
    "type": "ItemTurret",
    "name": "Membrane",
    "description": "A artillery cannon that fires a big bullet.",
    "targetAir": false,
    "targetGround": true,
    "collidesAir": false,
    "health": 365,
    "size": 2,
    "squareSprite": false
    "inaccuracy": 5,
    "reload": 120,
    "xRand": 0
    "shootCone": 10
    "rotateSpeed": 2
    "range": 200,
    "ammoTypes": {
		spore-pod: {
    	type: ArtilleryBulletType
    	speed: 3
	lifetime: 66
	damage: 85
	burstSpacing: 4,
	width: 8
	height: 12
    	smokeEffect: shootSmallSmoke
	shrinkY: 0.4
	pierce: false
	sprite: bullet
	trailColor: ffffff
	trailWidth: 4
	trailLength: 12
	splashDamage: 85
	splashDamageRadius: 45
    "hitSound": titanExplosion,
    "shootEffect": smoke,
    "hitEffect": hitLancer,
}
		item-fungus: {
    	type: ArtilleryBulletType
    	speed: 3
	lifetime: 66
	damage: 85
	burstSpacing: 4,
	width: 8
	height: 12
    	smokeEffect: shootSmallSmoke
	shrinkY: 0.4
	pierce: false
	sprite: bullet
	trailColor: ffffff
	trailWidth: 4
	trailLength: 12
	splashDamage: 128
	splashDamageRadius: 96
    "hitSound": titanExplosion,
    "shootEffect": smoke,
    "hitEffect": hitLancer,
}
    },
    "requirements": [
        { "item": "item-biomass", "amount": 65 },
        { "item": "sand", "amount": 85 },
        { "item": "spore-pod", "amount": 75 },
    ],
    drawer: {
      type: DrawTurret,
	parts : [
    		{
      		type : RegionPart
      		suffix : "-pl"
      		progress : warmup
      		heatProgress : recoil
      		heatColor : "ffffff"
      		mirror : false
      		under : false
      		moveX : -3
			moveY : 0
      		moveRot : 15
			children: [
				{
					type: RegionPart
					suffix: "-rl"
					progress: recoil
		      		heatProgress : recoil
      				heatColor : "ffffff"
     		 			mirror : false
      				under : true
      				moveX : -1
					moveY : 1
      				moveRot : 0
				}
			]
    		},
    		{
      		type : RegionPart
      		suffix : "-pr"
      		progress : warmup
      		heatProgress : recoil
      		heatColor : "ffffff"
      		mirror : false
      		under : false
      		moveX : 3
			moveY : 0
      		moveRot : -15
			children: [
				{
					type: RegionPart
					suffix: "-rr"
					progress: recoil
		      		heatProgress : recoil
      				heatColor : "ffffff"
     		 			mirror : false
      				under : true
      				moveX : 1
					moveY : 1
      				moveRot : 0
				}
			]
    		},
    		{
      		type : RegionPart
      		suffix : "-h"
      		progress : recoil
      		heatProgress : recoil
      		heatColor : "ffffff"
      		mirror : false
      		under : false
      		moveX : 0
			moveY : 0
      		moveRot : 0
    		},
    		{
      		type : RegionPart
      		suffix : "-w"
      		progress : recoil
      		heatProgress : recoil
      		heatColor : "ffffff"
      		mirror : false
      		under : false
      		moveX : 0
			moveY : -3
      		moveRot : 0
    		},
	]
    }
    "category": "turret"
    "shootSound": "pew"
    "researchCostMultiplier": 0.05
}