{
    "type": "ItemTurret",
    "name": "Pendixx",
    "description": "A long range missle turret",
    "targetAir": true,
    "targetGround": true,
    "predictTarget": false
    "health": 275
    "size": 3
    "inaccuracy": 10
    "reload": 90
    "xRand": 0,
    "squareSprite": false
    "shootCone": 8,
    "rotateSpeed": 4,
    "shots": 1,
    "range": 1775
    "ammoTypes": {
               spore-pod: {
    type: BasicBulletType
    shootEffect: shootBig
    smokeEffect: shootSmokeMissile
    ammoMultiplier: 2
    spawnUnit: pendixx-missle
  }
},
shoot: {
	type: shootAlternate
	x: 8
}
	recoils: 2
	drawer: {
		type: DrawTurret,
		parts : [
    			{
      			type : RegionPart
      			suffix : "-w"
      			progress : recoil
      			heatProgress : recoil
      			heatColor : "ffffff"
      			mirror : false
      			under : true
      			moveX : 0
				moveY : 0
      			moveRot : 0
    			},
    			{
      			type : RegionPart
      			suffix : "-pr"
      			progress : recoil
      			heatProgress : recoil
      			heatColor : "ffffff"
				recoilIndex: 1
      			mirror : false
      			under : false
      			moveX : 0
				moveY : -4
      			moveRot : 0
				children: [
					{
						type: RegionPart
						suffix: "-rr"
						progress: recoil
		      			heatProgress : recoil
      					heatColor : "ffffff"
     		 				mirror : false
      					under : true
      					moveX : 1
						moveY : 1
      					moveRot : 0
					}
				]
    			},
    			{
      			type : RegionPart
      			suffix : "-pl"
      			progress : recoil
      			heatProgress : recoil
      			heatColor : "ffffff"
				recoilIndex: 0
      			mirror : false
      			under : false
      			moveX : 0
				moveY : -4
      			moveRot : 0
				children: [
					{
						type: RegionPart
						suffix: "-rl"
						progress: recoil
		      			heatProgress : recoil
      					heatColor : "ffffff"
     		 				mirror : false
      					under : true
      					moveX : -1
						moveY : 1
      					moveRot : 0
					}
				]
    			},
		]
	}
    "requirements": [
        { "item": "item-biomass", "amount": 35 },
	  { "item": "spore-pod", "amount": 20 },
        { "item": "item-silk", "amount": 45 },
    ],
    "category": "turret"
    "shootSound": "shoot"
    "research": membrane
    "shake": 0
    "researchCostMultiplier": 0.05
}