{
	"type": "GenericCrafter",
	"name": "Biomass Silk Weaver",
	"description": "Uses biomass, water, and sand to make silk",
	"liquidCapacity": 5,
	"itemCapacity": 32,
	"outputItem": {"item": "item-silk", "amount": 16},
	"size": 8,
	"hasPower": true,
	"hasItems": true,
	"hasLiquids": true,
	"craftTime": 60,
	"updateEffect": "smeltsmoke",
	"consumes": {
		"power": 0.3,
		"items": {
			"items": [
				{ "item": "sand", "amount": 2 }
				{ "item": "spore-pod", "amount": 1 }
			]
                }
		"liquids": {
			"liquids": [
				{ "liquid": "water", "amount": 2.3 }
			]
		}
	},
	"requirements": [
		{ "item": "item-biomass", "amount": 145 }
		{ "item": "sand", "amount": 125 }
	],
	"category": "crafting",
	"research": "biomass-spore-oxidizer",
	"idleSound": "respawning",
	"idleSoundVolume": 0.5
"researchCostMultiplier": 0.05
	drawer: {
	    type: DrawMulti
	    drawers : [
	            	{
	            	  type : DrawDefault
	            	},
				{
				  type: drawLiquidRegion
				  suffix: "-liquid"
				  drawLiquid: water
				}
	            	{
	            	  type : DrawBubbles
	            	  color: a55e53
				  sides: 20
				  recurrence: 7
				  spread: 8
				  radius: 2.5
				  amount: 35
	            	},
	            	{
	            	  type : DrawCircles
	            	  color: feb380
				  strokeMax: 2
				  radius: 7
				  amount: 3
	            	},
	            	{
	            	  type : DrawRegion
	            	  suffix : "-bottom"
	            	},
				{
				  type : drawPistons
				  sinMag: 2
				}
	            	{
	            	  type : DrawBlurSpin
	            	  suffix : "-rotator"
	            	  rotateSpeed: 18
	            	},
	            	{
	            	  type : DrawRegion
	            	  suffix : "-top"
	            	},
			]
		}
}
