{
	"type": "GenericCrafter",
	"name": "Biomass Spore Oxidizer",
	"description": "Uses air and water to produce spore pods from the environment.",
	"liquidCapacity": 5,
	"outputItem": {"item": "spore-pod", "amount": 8},
	"outputLiquid": {"liquid": "nitrogen", "amount": 0.7},
	"size": 4,
	"hasPower": true,
	"hasItems": false,
	"hasLiquids": true,
	"craftTime": 120,
	"updateEffect": "smeltsmoke",
	"consumes": {
		"power": 0.3,
		"items": {
			"items": [
			]
                }
		"liquids": {
			"liquids": [
				{ "liquid": "water", "amount": 6 }
			]
		}
	},
	"requirements": [
		{ "item": "item-biomass", "amount": 145 }
		{ "item": "sand", "amount": 125 }
	],
	"category": "crafting",
	"research": "fungi",
	"idleSound": "respawning",
	"idleSoundVolume": 0.5
"researchCostMultiplier": 0.05
	drawer: {
	    type: DrawMulti
	    drawers : [
	            	{
	            	  type : DrawDefault
	            	},
	            	{
	            	  type : DrawRegion
	            	  suffix : "-bottom"
	            	},
				{
				  type : drawPistons
				  sinMag: 2
				}
	            	{
	            	  type : DrawBlurSpin
	            	  suffix : "-rotator"
	            	  rotateSpeed: 10
	            	},
	            	{
	            	  type : DrawRegion
	            	  suffix : "-top"
	            	},
	            	{
	            	  type : DrawParticles
	            	  alpha: 0.8
	            	  color: ffffff
	            	  particles: 15
				  particleSize: 5
	            	  particleRad: 15
	            	  particleLife: 150
	            	},
			]
		}
}
