{
	"type": "GenericCrafter",
	"name": "Fungus cultivator",
	"description": "Fabricates fungus from sand and water",
	"liquidCapacity": 5,
	"outputItem": {"item": "item-fungus", "amount": 1},
	"size": 1,
	"hasPower": false,
	"hasItems": true,
	"hasLiquids": true,
	"craftTime": 30,
	"updateEffect": "smeltsmoke",
	"consumes": {
		"items": {
			"items": [
				{ "item": "item-biomass", "amount": 1 }
			]
                }
		"liquids": {
			"liquids": [
				{ "liquid": "water", "amount": 2 }
			]
		}
	},
	"requirements": [
		{ "item": "sand", "amount": 15 }
		{ "item": "item-biomass", "amount": 30 }
		{ "item": "spore-pod", "amount": 20 }
	],
	"category": "crafting",
	"research": "sand-digester",
	"idleSound": "respawning",
	"idleSoundVolume": 0.5
"researchCostMultiplier": 0.05
}
