{
	"type": "GenericCrafter",
	"name": "Iridium Liquifier",
	"description": "Melts iridium to a liquid state.",
	"liquidCapacity": 5,
	"outputLiquid": {"liquid": "liquid-iridium", "amount": 0.7},
	"size": 2,
	"hasPower": false,
	"hasItems": false,
	"hasLiquids": true,
	"craftTime": 40,
	"updateEffect": "smeltsmoke",
	"consumes": {
		"items": {
			"items": [
				{ "item": "item-iridium", "amount": 1 }
			]
		}
		"liquids": {
			"liquids": [
			]
		}
	},
	"requirements": [
		{ "item": "item-iridium", "amount": 25 }
		{ "item": "item-tantalum", "amount": 45 }
	],
	"category": "crafting",
	"research": "iridium-compacter",
	"idleSound": "respawning",
	"idleSoundVolume": 0.5
	"researchCostMultiplier": 0.05
}
