{
	"type": "GenericCrafter",
	"name": "Iridium Compacter",
	"description": "Uses a mold to turn liquid iridium into iridium",
	"liquidCapacity": 5,
	"outputItem": {"item": "item-iridium", "amount": 1},
	"outputLiquid": {"liquid": "hydrogen", "amount": 0.7},
	"size": 1,
	"hasPower": true,
	"hasItems": false,
	"hasLiquids": true,
	"craftTime": 40,
	"updateEffect": "smeltsmoke",
	"consumes": {
		"power": 1.2,
		"items": {
			"items": [
			]
                }
		"liquids": {
			"liquids": [
				{ "liquid": "liquid-iridium", "amount": 0.4 }
			]
		}
	},
	"requirements": [
		{ "item": "item-iridium", "amount": 15 }
		{ "item": "item-tantalum", "amount": 30 }
	],
	"category": "crafting",
	"research": "kindl",
	"idleSound": "respawning",
	"idleSoundVolume": 0.5
"researchCostMultiplier": 0.05
}
