{
	"type": "GenericCrafter",
	"name": "Polonium Centrifuge",
	"description": "Forges rhenium, iodine, and hye to make polonium",
	"outputItem": {"item": "item-polonium", "amount": 3},
	"size": 3,
	"hasPower": true,
	"hasItems": true,
	"hasLiquids": true,
	"craftTime": 60,
	"updateEffect": "smeltsmoke",
	"consumes": {
		"power": 1.6,
		"items": {
			"items": [
				{ "item": "item-rhenium", "amount": 1}
			]
                }
		"liquids": {
			"liquids": [
				{ "liquid": "liquid-iodine", "amount": 0.8}
				{ "liquid": "liquid-hye", "amount": 0.4}
			]
		}
	},
	"requirements": [
		{ "item": "item-rhenium", "amount": 85 }
		{ "item": "item-ruthenium", "amount": 75 }
		{ "item": "item-rhodium", "amount": 65 }
	],
	"category": "crafting",
	  "research": {
		parent: rhenium-compounder
		objectives: [
			{
				type: "OnSector"
				preset: Stream
			}
		]
	}
	"idleSound": "respawning",
	"idleSoundVolume": 0.5
	"researchCostMultiplier": 0.05
}
