{
	"type": "GenericCrafter",
	"name": "Rhenium Compounder",
	"description": "Compounds sand and iridium into rhenium!",
	"outputItem": {"item": "item-rhenium", "amount": 1},
	"size": 2,
	"hasPower": true,
	"hasItems": true,
	"hasLiquids": false,
	"craftTime": 100,
	"updateEffect": "smeltsmoke",
	"consumes": {
		"power": 1.8,
		"items": {
			"items": [
				{ "item": "item-terbium", "amount": 1}
				{ "item": "sand", "amount": 2}
			]
                }
		"liquids": {
			"liquids": [
				{ "liquid": "liquid-hye", "amount": 0.2}
			]
		}
	},
	"requirements": [
		{ "item": "item-iridium", "amount": 45 }
		{ "item": "item-terbium", "amount": 65 }
		{ "item": "item-rhodium", "amount": 35 }
	],
	"category": "crafting",
	  "research": {
		parent: terbium-former
		objectives: [
			{
				type: "SectorComplete"
				preset: TidalLock
			}
		]
	}
	"idleSound": "respawning",
	"idleSoundVolume": 0.5
	"researchCostMultiplier": 0.05
}
