{
	"type": "GenericCrafter",
	"name": "Sand Digester",
	"description": "Turns sand into biomass",
	"liquidCapacity": 5,
	"outputItem": {"item": "item-biomass", "amount": 1},
	"size": 1,
	"hasPower": false,
	"hasItems": false,
	"hasLiquids": true,
	"craftTime": 20,
	"updateEffect": "smeltsmoke",
	"consumes": {
		"items": {
			"items": [
				{ "item": "sand", "amount": 2 }
			]
                }
		"liquids": {
			"liquids": [
			]
		}
	},
	"requirements": [
		{ "item": "sand", "amount": 15 }
		{ "item": "item-biomass", "amount": 30 }
	],
	"category": "crafting",
	"research": "fungi",
	"idleSound": "respawning",
	"idleSoundVolume": 0.5
"researchCostMultiplier": 0.05
}
