{
	"type": "GenericCrafter",
	"name": "Terbium Former",
	"description": "Mixes hydrogen into rhodium to make terbium",
	"liquidCapacity": 5,
	"outputItem": {"item": "item-terbium", "amount": 2},
	"outputLiquid": {"liquid": "liquid-iodine", "amount": 0.5},
	"size": 2,
	"hasPower": true,
	"hasItems": true,
	"hasLiquids": false,
	"craftTime": 60,
	"updateEffect": "smeltsmoke",
	"consumes": {
		"power": 0.6
		"items": {
			"items": [
				{ "item": "item-iridium", "amount": 1 }
			]
		}
		"liquids": {
			"liquids": [
				{ "liquid": "hydrogen", "amount": 1 }
			]
		}
	},
	"requirements": [
		{ "item": "item-iridium", "amount": 45 }
		{ "item": "item-tantalum", "amount": 65 }
		{ "item": "item-rhodium", "amount": 65 }
	],
	"category": "crafting",
	  "research": {
		parent: iridium-compacter
		objectives: [
			{
				type: "OnSector"
				preset: Twisted Roots
			}
		]
	}
	"idleSound": "respawning",
	"idleSoundVolume": 0.5
	"researchCostMultiplier": 0.05
}
