{
    "type": "ItemTurret",
    "name": "Ballista",
    "description": "Our alliance over at serpulo cant compare to tech like this!",
    "targetAir": true,
    "targetGround": true,
    "health": 985,
    "size": 2,
    "inaccuracy": 4,
    "reload": 20,
    "xRand": 0,
    "shootCone": 10,
    "rotateSpeed": 8,
    "shots": 2,
    "buildVisibility": sandboxOnly
    "range": 145,
    "ammoTypes": {
               item-tantalum: {
    type: BasicBulletType
    trailColor: 149AB4
    trailChance: 100
    speed: 3
	lifetime: 48
    damage: 65
    burstSpacing: 4,
    width: 8
    height: 10
	frontColor: aaffff
	backColor: ffffff
    shootEffect: shootSmall
    smokeEffect: shootSmallSmoke
	hitEffect: hitLancer
    ammoMultiplier: 2
	shrinkY: 0.3
	pierce: false
	sprite: bullet
  }
    },
    "requirements": [
        { "item": "item-iridium", "amount": 25 },
	  { "item": "item-tantalum", "amount": 35 },
    ],
    "category": "turret"
    "shootSound": "shoot"
}