{
    "type": "ItemTurret",
    "name": "Cosanity",
    "description": "If this doesnt boggle your mind, i dont know what will!",
    "targetAir": true
    "targetGround": false
    "health": 2960,
    "size": 3,
    "inaccuracy": 4,
    "reload": 5,
    "buildVisibility": sandboxOnly
    "xRand": 0,
    "shootCone": 15,
    "rotateSpeed": 10,
    "shots": 1,
    "range": 325,
    "ammoTypes": {
               item-rhenium: {
    type: BasicBulletType
    trailColor: 149AB4
    trailChance: 100
    collidesAir: true
    collidesGround: false
    speed: 5
	lifetime: 65
    damage: 85
    burstSpacing: 4,
    width: 8
    height: 10
	frontColor: aaffff
	backColor: ffffff
    shootEffect: shootSmall
    smokeEffect: shootSmallSmoke
	hitEffect: hitLancer
    ammoMultiplier: 2
	shrinkY: 0.3
	pierce: true
	sprite: bullet
  }
    },
    "requirements": [
        { "item": "item-iridium", "amount": 45 },
	  { "item": "item-rhodium", "amount": 55 },
	  { "item": "item-rhenium", "amount": 45 },
    ],
    "category": "turret"
    "research": ballista
    "shootSound": "shoot"
}