{
    "type": "ItemTurret",
    "name": "Doom",
    "description": "Doom :D",
    "targetAir": true,
    "targetGround": true,
    "health": 4360,
    "size": 4,
    "inaccuracy": 20,
    "reload": 2,
    "buildVisibility": sandboxOnly
    "xRand": 20,
    "shootCone": 10,
    "rotateSpeed": 3,
    "range": 560,
    "ammoTypes": {
		item-rhenium: {
    	type: BasicBulletType
    	speed: 7
	lifetime: 80
	damage: 325
	burstSpacing: 4,
	width: 10
	height: 16,
      shots: 1,
	frontColor: aaffff
	backColor: ffffff
    	smokeEffect: shootSmallSmoke
	shrinkY: 0.4
	pierce: true
	sprite: bullet
    "shootEffect": smoke,
    "hitEffect": smoke,
}
    },
    "requirements": [
        { "item": "item-tantalum", "amount": 125 },
        { "item": "item-rhenium", "amount": 115 },
        { "item": "item-rhodium", "amount": 135 },
        { "item": "item-iridium", "amount": 105 },
    ],
    drawer: {
      type: DrawTurret,
	parts : [
    		{
      		type : RegionPart
      		suffix : "-l1"
      		progress : warmup
      		heatProgress : recoil
      		heatColor : "ff6214"
      		mirror : false
      		under : false
      		moveX : -1.5
			moveY : -1
      		moveRot : 5
    		},
    		{
      		type : RegionPart
      		suffix : "-r1"
      		progress : warmup
      		heatProgress : recoil
      		heatColor : "ff6214"
      		mirror : false
      		under : false
      		moveX : 1.5
			moveY : -1
      		moveRot : -5
    		},
    		{
      		type : RegionPart
      		suffix : "-l2"
      		progress : warmup
      		heatProgress : recoil
      		heatColor : "ff6214"
      		mirror : false
      		under : false
      		moveX : -3
			moveY : -2
      		moveRot : 10
    		},
    		{
      		type : RegionPart
      		suffix : "-r2"
      		progress : warmup
      		heatProgress : recoil
      		heatColor : "ff6214"
      		mirror : false
      		under : false
      		moveX : 3
			moveY : -2
      		moveRot : -10
    		},
    		{
      		type : RegionPart
      		suffix : "-b"
      		progress : smoothReload
      		heatProgress : recoil
      		heatColor : "ff6214"
      		mirror : false
      		under : false
      		moveX : 0
			moveY : 0
      		moveRot : 0
    		},
    		{
      		type : RegionPart
      		suffix : "-e"
      		progress : warmup
      		heatProgress : recoil
      		heatColor : "ff6214"
      		mirror : false
      		under : true
      		moveX : 0
			moveY : -2
      		moveRot : 0
    		},
	]
    }
    "category": "turret"
    "research": "nexus"
    "shootSound": "mediumCannon"
}