{
    "type": "ItemTurret",
    "name": "Galvano",
    "description": "Tiny little thing got power!",
    "targetAir": false,
    "targetGround": true,
    "CollidesAir": false,
    "health": 1250,
    "size": 2,
    "buildVisibility": sandboxOnly
    "inaccuracy": 0,
    "reload": 30,
    "xRand": 0,
    "shootCone": 5,
    "rotateSpeed": 9,
    "shots": 1,
    "range": 245,
    "ammoTypes": {
		item-iridium: {
    	type: BasicBulletType
    	speed: 5
	lifetime: 49
	damage: 320
	burstSpacing: 4,
	width: 12
	height: 16
	frontColor: aaffff
	backColor: ffffff
    	smokeEffect: shootSmallSmoke
	shrinkY: 0.4
	pierce: false
	sprite: bullet
    "shootEffect": smoke,
    "hitEffect": hitLancer,
}
    },
    "requirements": [
        { "item": "item-tantalum", "amount": 15 },
        { "item": "item-iridium", "amount": 30 },
        { "item": "item-rhodium", "amount": 25 },
    ],
    drawer: {
      type: DrawTurret,
	parts : [
    		{
      		type : RegionPart
      		suffix : "-b"
      		progress : recoil
      		heatProgress : recoil
      		heatColor : "816abd"
      		mirror : false
      		under : false
      		moveX : 0
			moveY : 0
      		moveRot : 0
    		},
    		{
      		type : RegionPart
      		suffix : "-l"
      		progress : recoil
      		heatProgress : recoil
      		heatColor : "816abd"
      		mirror : false
      		under : false
      		moveX : -1
			moveY : -1
      		moveRot : 5
    		},
    		{
      		type : RegionPart
      		suffix : "-r"
      		progress : recoil
      		heatProgress : recoil
      		heatColor : "816abd"
      		mirror : false
      		under : false
      		moveX : 1
			moveY : -1
      		moveRot : -5
    		},
    		{
      		type : RegionPart
      		suffix : "-bl"
      		progress : recoil
      		heatProgress : recoil
      		heatColor : "816abd"
      		mirror : false
      		under : false
      		moveX : 0
			moveY : -3
      		moveRot : 0
    		},
    		{
      		type : RegionPart
      		suffix : "-br"
      		progress : recoil
      		heatProgress : recoil
      		heatColor : "816abd"
      		mirror : false
      		under : false
      		moveX : 0
			moveY : -3
      		moveRot : 0
    		},
    		{
      		type : RegionPart
      		suffix : "-hl"
      		progress : warmup
      		heatProgress : recoil
      		heatColor : "816abd"
      		mirror : false
      		under : true
      		moveX : -3
			moveY : 3
      		moveRot : -10
    		},
    		{
      		type : RegionPart
      		suffix : "-hr"
      		progress : warmup
      		heatProgress : recoil
      		heatColor : "816abd"
      		mirror : false
      		under : true
      		moveX : 3
			moveY : 3
      		moveRot : 10
    		},
    		{
      		type : RegionPart
      		suffix : "-hl"
      		progress : warmup
			progressDelay: 5,
      		heatProgress : recoil
      		heatColor : "816abd"
      		mirror : false
      		under : true
      		moveX : -3
			moveY : 0
      		moveRot : 0
    		},
    		{
      		type : RegionPart
      		suffix : "-hr"
      		progress : warmup
			progressDelay: 5,
      		heatProgress : recoil
      		heatColor : "816abd"
      		mirror : false
      		under : true
      		moveX : 3
			moveY : 0
      		moveRot : 0
    		},
    		{
      		type : RegionPart
      		suffix : "-hl"
      		progress : warmup
			progressDelay: 10,
      		heatProgress : recoil
      		heatColor : "816abd"
      		mirror : false
      		under : true
      		moveX : -3
			moveY : -3
      		moveRot : 10
    		},
    		{
      		type : RegionPart
      		suffix : "-hr"
      		progress : warmup
			progressDelay: 10,
      		heatProgress : recoil
      		heatColor : "816abd"
      		mirror : false
      		under : true
      		moveX : 3
			moveY : -3
      		moveRot : -10
    		},
		{
			type: haloPart
                    progress: warmup
                    color: "ffffff"
                    y: 8
                    haloRotateSpeed: -6

                    shapes: 4
                    triLength: 0
                    triLengthTo: 8
                    haloRotation: 45
                    haloRadius: 5
                    tri: true
                    radius: 7
		}
	]
    }
    "category": "turret"
    "research": "ballista"
    "shootSound": "shoot"
}