{
    "type": "ItemTurret",
    "name": "Gauge",
    "description": "Awh! its so small! :D,
    "targetAir": true,
    "targetGround": true,
    "health": 680,
    "size": 1,
    "inaccuracy": 10,
    "reload": 20,
    "buildVisibility": sandboxOnly
    "xRand": 0,
    "shootCone": 5,
    "rotateSpeed": 9,
    "shots": 1,
    "range": 120,
    "ammoTypes": {
		item-iridium: {
    	type: BasicBulletType
    	speed: 2
	lifetime: 60
	damage: 65
	burstSpacing: 4,
	width: 8
	height: 10
	frontColor: aaffff
	backColor: ffffff
    	smokeEffect: shootSmallSmoke
	shrinkY: 0.4
	pierce: false
	sprite: bullet
    "shootEffect": smoke,
    "hitEffect": hitLancer,
}
    },
    "requirements": [
        { "item": "item-tantalum", "amount": 15 },
        { "item": "item-iridium", "amount": 20 },
    ],
    drawer: {
      type: DrawTurret,
	parts : [
    		{
      		type : RegionPart
      		suffix : "-ul"
      		progress : recoil
      		heatProgress : recoil
      		heatColor : "ff6214"
      		mirror : false
      		under : false
      		moveX : -2
			moveY : -2
      		moveRot : 0
    		},
    		{
      		type : RegionPart
      		suffix : "-ur"
      		progress : recoil
      		heatProgress : recoil
      		heatColor : "ff6214"
      		mirror : false
      		under : false
      		moveX : 2
			moveY : -2
      		moveRot : 0
    		},
    		{
      		type : RegionPart
      		suffix : "-dl"
      		progress : recoil
      		heatProgress : recoil
      		heatColor : "ff6214"
      		mirror : false
      		under : false
      		moveX : 0
			moveY : 0
      		moveRot : 15
    		},
    		{
      		type : RegionPart
      		suffix : "-dr"
      		progress : recoil
      		heatProgress : recoil
      		heatColor : "ff6214"
      		mirror : false
      		under : false
      		moveX : 0
			moveY : 0
      		moveRot : -15
    		},
    		{
      		type : RegionPart
      		suffix : "-m"
      		progress : smoothReload
      		heatProgress : recoil
      		heatColor : "ff6214"
      		mirror : false
      		under : false
      		moveX : 0
			moveY : -2
      		moveRot : 0
    		},
    		{
      		type : RegionPart
      		suffix : "-b"
      		progress : smoothReload
      		heatProgress : recoil
      		heatColor : "ff6214"
      		mirror : false
      		under : false
      		moveX : 0
			moveY : 0
      		moveRot : 0
    		},
	]
    }
    "category": "turret"
    "research": "ballista"
    "shootSound": "shoot"
}