{
    "type": "ItemTurret",
    "name": "Nexus",
    "description": "That new paint job is pretty :O",
    "targetAir": true,
    "targetGround": true,
    "health": 2560,
    "size": 3,
    "inaccuracy": 75,
    "reload": 10,
    "xRand": 4,
    "buildVisibility": sandboxOnly
    "shootCone": 20,
    "rotateSpeed": 8,
    "shots": 4,
    "range": 220,
    "ammoTypes": {
		item-rhenium: {
    	type: BasicBulletType
    	speed: 4
	lifetime: 55
	damage: 160
	burstSpacing: 4,
	width: 8
	height: 10
	frontColor: aaffff
	backColor: ffffff
    	smokeEffect: shootSmallSmoke
	shrinkY: 0.4
	pierce: false
	sprite: bullet
    "homingPower": 0.15,
    "homingRange": 550,
    "hitSound": titanExplosion,
    "shootEffect": smoke,
    "hitEffect": hitLancer,
    "fragBullets": 6
    "fragBullet": {
        "type": "LiquidBulletType",
        "liquid": "liquid-iridium",
        "lifetime": 48,
        "speed": 2,
        "fragBullets": 12,
        "fragBullet": {
            "type": "LiquidBulletType",
            "liquid": "liquid-iridium",
            "lifetime": 48,
            "speed": 2,
            "damage": 3,
        }
    }
}
    },
    "requirements": [
        { "item": "item-tantalum", "amount": 65 },
        { "item": "item-rhenium", "amount": 55 },
        { "item": "item-rhodium", "amount": 85 },
    ],
    drawer: {
      type: DrawTurret,
	parts : [
    		{
      		type : RegionPart
      		suffix : "-r"
      		progress : recoil
      		heatProgress : recoil
      		heatColor : "ff6214"
      		mirror : false
      		under : false
      		moveX : 5
			moveY : -1
      		moveRot : -15
    		},
    		{
      		type : RegionPart
      		suffix : "-l"
      		progress : recoil
      		heatProgress : recoil
      		heatColor : "ff6214"
      		mirror : false
      		under : false
      		moveX : -5
			moveY : -1
      		moveRot : 15
    		},
    		{
      		type : RegionPart
      		suffix : "-b"
      		progress : smoothReload
      		heatProgress : recoil
      		heatColor : "ff6214"
      		mirror : false
      		under : false
      		moveX : 0
			moveY : -2
      		moveRot : 0
    		},
	]
    }
    "category": "turret"
    "research": "ballista"
    "shootSound": "mediumCannon"
}