{
    "type": "ItemTurret",
    "name": "Pinpoint",
    "description": "And... the tech got more advanced...",
    "targetAir": true,
    "targetGround": true,
    "health": 11450,
    "size": 5,
    "buildVisibility": sandboxOnly
    "inaccuracy": 0,
    "reload": 300,
    "xRand": 0,
    "shootCone": 5,
    "rotateSpeed": 12,
    "shots": 1,
    "range": 450,
    "ammoTypes": {
		item-tellurium: {
    	type: ArtilleryBulletType
    	speed: 8
	lifetime: 62
	damage: 1200
	burstSpacing: 4,
	width: 8
	height: 10
	frontColor: aaffff
	splashDamageRadius: 55,
	splashDamage: 1050,
	backColor: ffffff
    	smokeEffect: shootSmallSmoke
	shrinkY: 0.4
	pierce: false
	sprite: bullet
    "hitSound": titanExplosion,
    "shootEffect": titanSmoke,
    "hitEffect": {
      type : MultiEffect
      effects : [
        titanSmoke,
        scatheExplosion,
      ]
    }
    "fragBullets": 24,
    "fragBullet": {
        "type": "LiquidBulletType",
        "liquid": "liquid-iridium",
        "lifetime": 48,
        "speed": 2,
        "fragBullets": 12,
        "fragBullet": {
            "type": "LiquidBulletType",
            "liquid": "liquid-iridium",
            "lifetime": 48,
            "speed": 2,
            "damage": 3,
        }
    }
}
    },
    "requirements": [
        { "item": "item-tellurium", "amount": 125 },
        { "item": "item-rhenium", "amount": 135 },
        { "item": "item-rhodium", "amount": 95 },
    ],
    drawer: {
      type: DrawTurret,
      basePrefix: base,
	parts : [
    		{
      		type : RegionPart
      		suffix : "-ur"
      		progress : warmup
      		heatProgress : recoil
      		heatColor : "ff6214"
      		mirror : false
      		under : false
      		moveX : 3
			moveY : -3
      		moveRot : 7
    		},
    		{
      		type : RegionPart
      		suffix : "-ul"
      		progress : warmup
      		heatProgress : recoil
      		heatColor : "ff6214"
      		mirror : false
      		under : false
      		moveX : -3
			moveY : -3
      		moveRot : -7
    		},
    		{
      		type : RegionPart
      		suffix : "-dr"
      		progress : recoil
      		heatProgress : recoil
      		heatColor : "ff6214"
      		mirror : false
      		under : false
      		moveX : 2
			moveY : -2
      		moveRot : -12
    		},
    		{
      		type : RegionPart
      		suffix : "-dl"
      		progress : recoil
      		heatProgress : recoil
      		heatColor : "ff6214"
      		mirror : false
      		under : false
      		moveX : -2
			moveY : -2
      		moveRot : 12
    		},
    		{
      		type : RegionPart
      		suffix : "-b"
      		progress : reload
      		heatProgress : recoil
      		heatColor : "ff6214"
      		mirror : false
      		under : false
      		moveX : 0
			moveY : 2
      		moveRot : 0
    		},
	]
    }
    "category": "turret"
    "research": "quasai"
    "shootSound": "mediumCannon"
}