{
    "type": "ItemTurret",
    "name": "Quasai",
    "description": "I dont think the tech can get bigger than that... right?",
    "targetAir": false,
    "targetGround": true,
    "health": 8540,
    "size": 5,
    "inaccuracy": 10,
    "reload": 60,
    "buildVisibility": sandboxOnly
    "xRand": 2,
    "shootCone": 10,
    "rotateSpeed": 12,
    "shots": 2,
    "range": 265,
    "ammoTypes": {
		item-rhodium: {
    "type": "BasicBulletType",
    "lifetime": 80,
    "width": 14
    "height": 20
    "speed": 1,
    "drag": -0.03
    "damage": 225
    "splashDamageRadius": 120,
    "splashDamage": 135,
    "collidesAir": false
    "collidesGround": true
    "weaveScale": 2,
    "weaveMag": 1,
    "frontColor": "ffff00",
    "backColor": "00ffff",
    "homingPower": 0.1,
    "homingRange": 180,
    "hitSound": titanExplosion,
    "shootEffect": titanSmoke,
    "hitEffect": {
      type : MultiEffect
      effects : [
        titanSmoke,
        scatheExplosion,
      ]
    }
    "fragBullets": 8,
    "fragBullet": {
        "type": "LiquidBulletType",
        "liquid": "slag",
        "lifetime": 48,
        "speed": 2,
        "fragBullets": 4,
        "fragBullet": {
            "type": "LiquidBulletType",
            "liquid": "slag",
            "lifetime": 48,
            "speed": 2,
            "damage": 3,
        }
    }
}
    },
    "requirements": [
        { "item": "item-tantalum", "amount": 125 },
        { "item": "item-rhenium", "amount": 135 },
        { "item": "item-rhodium", "amount": 95 },
    ],
    drawer: {
      type: DrawTurret,
      basePrefix: base,
    }
    "category": "turret"
    "research": "ballista"
    "shootSound": "mediumCannon"
}