{
    "type": "ItemTurret",
    "name": "Transmission",
    "description": "OH GOD THAT KINDA SCARY ACTUALLY",
    "targetAir": true,
    "targetGround": false,
    "health": 12590,
    "size": 5,
    "inaccuracy": 45,
    "reload": 30,
    "buildVisibility": sandboxOnly
    "xRand": 0,
    "shootCone": 20,
    "rotateSpeed": 8,
    "shots": 4,
    "range": 760,
    "ammoTypes": {
		item-osmium: {
    	type: BasicBulletType
    	speed: 9
	lifetime: 84
	damage: 950
	burstSpacing: 4,
	width: 16
	height: 24
	frontColor: aaffff
	backColor: ffffff
    	smokeEffect: shootSmallSmoke
	shrinkY: 0.4
	pierce: false
	sprite: bullet
	drag: -0.02
    "homingPower": 0.2,
    "homingRange": 550,
    "hitSound": titanExplosion,
    "shootEffect": smoke,
    "hitEffect": hitLancer,
    "fragBullets": 50
    "fragBullet": {
        "type": "LiquidBulletType",
        "liquid": "liquid-iridium",
        "lifetime": 48,
        "speed": 2,
        "fragBullets": 25,
        "fragBullet": {
            "type": "LiquidBulletType",
            "liquid": "liquid-iridium",
            "lifetime": 48,
            "speed": 2,
            "damage": 30,
        }
    }
}
    },
    "requirements": [
        { "item": "item-tellurium", "amount": 250 },
        { "item": "item-rhenium", "amount": 350 },
        { "item": "item-osmium", "amount": 125 },
    ],
    drawer: {
      type: DrawTurret,
      basePrefix: base,
	parts : [
    		{
      		type : RegionPart
      		suffix : "-lu"
      		progress : warmup
      		heatProgress : recoil
      		heatColor : "5c5e9f"
      		mirror : false
      		under : false
      		moveX : -5
			moveY : 2
      		moveRot : -15
    		},
    		{
      		type : RegionPart
      		suffix : "-lm"
      		progress : warmup
      		heatProgress : recoil
      		heatColor : "5c5e9f"
      		mirror : false
      		under : false
      		moveX : -6
			moveY : -1
      		moveRot : 5
    		},
    		{
      		type : RegionPart
      		suffix : "-ld"
      		progress : warmup
      		heatProgress : recoil
      		heatColor : "5c5e9f"
      		mirror : false
      		under : false
      		moveX : -5
			moveY : -3
      		moveRot : 20
    		},
    		{
      		type : RegionPart
      		suffix : "-ru"
      		progress : warmup
      		heatProgress : recoil
      		heatColor : "a387ea"
      		mirror : false
      		under : false
      		moveX : 5
			moveY : 2
      		moveRot : 15
    		},
    		{
      		type : RegionPart
      		suffix : "-rm"
      		progress : warmup
      		heatProgress : recoil
      		heatColor : "a387ea"
      		mirror : false
      		under : false
      		moveX : 6
			moveY : -1
      		moveRot : -5
    		},
    		{
      		type : RegionPart
      		suffix : "-rd"
      		progress : warmup
      		heatProgress : recoil
      		heatColor : "a387ea"
      		mirror : false
      		under : false
      		moveX : 5
			moveY : -3
      		moveRot : -20
    		},
    		{
      		type : RegionPart
      		suffix : "-b"
      		progress : recoil
      		heatProgress : recoil
      		heatColor : "ff6214"
      		mirror : false
      		under : false
      		moveX : 0
			moveY : -3
      		moveRot : 0
    		},
    		{
      		type : RegionPart
      		suffix : "-eb"
      		progress : warmup
      		heatProgress : recoil
      		heatColor : "ff6214"
      		mirror : false
      		under : true
      		moveX : 8.5
			moveY : -20
      		moveRot : 0
    		},
    		{
      		type : RegionPart
      		suffix : "-eb"
      		progress : warmup
      		heatProgress : recoil
      		heatColor : "ff6214"
      		mirror : false
      		under : true
      		moveX : -8.5
			moveY : -20
      		moveRot : 0
    		},
    		{
      		type : RegionPart
      		suffix : "-hb"
      		progress : warmup
      		heatProgress : recoil
      		heatColor : "ff6214"
      		mirror : false
      		under : true
      		moveX : -6
			moveY : 7
      		moveRot : -55
    		},
    		{
      		type : RegionPart
      		suffix : "-hb2"
      		progress : warmup
      		heatProgress : recoil
      		heatColor : "ff6214"
      		mirror : false
      		under : true
      		moveX : 6
			moveY : 7
      		moveRot : 55
    		},
    		{
      		type : RegionPart
      		suffix : "-hb"
      		progress : warmup
      		heatProgress : recoil
      		heatColor : "ff6214"
      		mirror : false
      		under : true
      		moveX : -9
			moveY : 0
      		moveRot : 0
    		},
    		{
      		type : RegionPart
      		suffix : "-hb2"
      		progress : warmup
      		heatProgress : recoil
      		heatColor : "ff6214"
      		mirror : false
      		under : true
      		moveX : 9
			moveY : 0
      		moveRot : 0
    		},
    		{
      		type : RegionPart
      		suffix : "-hb"
      		progress : warmup
      		heatProgress : recoil
      		heatColor : "ff6214"
      		mirror : false
      		under : true
      		moveX : -7
			moveY : -8
      		moveRot : 15
    		},
    		{
      		type : RegionPart
      		suffix : "-hb2"
      		progress : warmup
      		heatProgress : recoil
      		heatColor : "ff6214"
      		mirror : false
      		under : true
      		moveX : 7
			moveY : -8
      		moveRot : -15
    		},
            {
      		type: ShapePart
                  progress: warmup,
                  rotateSpeed: -6,
                  color: "a387ea",
                  sides: 3,
                  hollow: true,
                  stroke: 0
                  strokeTo: 3,
                  radius: 7,
                  y: 20,
            },
            {
      		type: ShapePart
                  progress: warmup,
                  rotateSpeed: -3,
                  color: "a387ea",
                  sides: 3,
                  hollow: true,
                  stroke: 0
                  strokeTo: 3,
                  radius: 7,
                  y: 20,
            },
            {
      		type: ShapePart
                  progress: heat,
                  rotateSpeed: 1,
                  color: "a387ea",
                  sides: 8,
                  hollow: true,
                  stroke: 0
                  strokeTo: 5,
                  radius: 10,
                  y: -25,
            },
	]
    }
    "category": "turret"
    "research": "pinpoint"
    "shootSound": "mediumCannon"
}