{
    "type": "ItemTurret",
    "name": "Vulcan",
    "description": "Oh! it opens up!",
    "targetAir": true,
    "targetGround": true,
    "health": 2850,
    "size": 3,
    "inaccuracy": 0,
    "reload": 20,
    "buildVisibility": sandboxOnly
    "xRand": 0,
    "shootCone": 1,
    "rotateSpeed": 4,
    "range": 300,
    "ammoTypes": {
		item-rhodium: {
    	type: BasicBulletType
    	speed: 5
	lifetime: 60
	damage: 285
	burstSpacing: 4,
	width: 12
	height: 18,
      shots: 1,
	frontColor: aaffff
	backColor: ffffff
    	smokeEffect: shootSmallSmoke
	shrinkY: 0.4
	pierce: true
	sprite: bullet
    "shootEffect": smoke,
    "hitEffect": scatheExplosion,
}
    },
    "requirements": [
        { "item": "item-tantalum", "amount": 85 },
        { "item": "item-rhenium", "amount": 75 },
        { "item": "item-rhodium", "amount": 95 },
    ],
    drawer: {
      type: DrawTurret,
	parts : [
    		{
      		type : RegionPart
      		suffix : "-ur"
      		progress : recoil
      		heatProgress : recoil
      		heatColor : "ff6214"
      		mirror : false
      		under : false
      		moveX : 3
			moveY : -2
      		moveRot : -20
    		},
    		{
      		type : RegionPart
      		suffix : "-ul"
      		progress : recoil
      		heatProgress : recoil
      		heatColor : "ff6214"
      		mirror : false
      		under : false
      		moveX : -3
			moveY : -2
      		moveRot : 20
    		},
    		{
      		type : RegionPart
      		suffix : "-dr"
      		progress : recoil
      		heatProgress : recoil
      		heatColor : "ff6214"
      		mirror : false
      		under : false
      		moveX : 1.5
			moveY : -1
      		moveRot : -10
    		},
    		{
      		type : RegionPart
      		suffix : "-dl"
      		progress : recoil
      		heatProgress : recoil
      		heatColor : "ff6214"
      		mirror : false
      		under : false
      		moveX : -1.5
			moveY : -1
      		moveRot : 10
    		},
    		{
      		type : RegionPart
      		suffix : "-b"
      		progress : smoothReload
      		heatProgress : recoil
      		heatColor : "ff6214"
      		mirror : false
      		under : false
      		moveX : 0
			moveY : 0
      		moveRot : 0
    		},
	]
    }
    "category": "turret"
    "research": "cosanity"
    "shootSound": "mediumCannon"
}