{
    "type": "ContinuousLiquidTurret",
    "name": "Anemon",
    "description": "A laser turret, great for burning things!",
    "targetAir": true,
    "targetGround": true,
    "squareSprite": false
    "health": 1155,
    "size": 3,
    "inaccuracy": 0,
    "shootCone": 8,
    "rotateSpeed": 4,
    "shootY": 3
    "shots": 1,
    "range": 275,
    "liquidConsumed": 3,
    "targetInterval": 8,
    "targetUnderBlocks": false
	loopSound: plasma-hold
	shootSound: plasma-hold-start
	loopSoundVolume: 4
    "ammoTypes": {
               liquid-hye: {
    type: ContinuousFlameBulletType
    damage: 60
    length: 275
    knockback: 2
    pierceCap: 3
    color: "a387ea"
  }
    },
    "requirements": [
        { "item": "item-astatine", "amount": 145 },
	  { "item": "item-tantalum", "amount": 125 },
	  { "item": "item-rhodium", "amount": 105 },
	  { "item": "item-ruthenium", "amount": 125 },
	  { "item": "item-rhenium", "amount": 105 },
    ],
    "category": "turret"
	  "research": {
		parent: conflict
		objectives: [
			{
				type: "OnSector"
				preset: Stream
			}
		]
	}
    "shake": 4
    "researchCostMultiplier": 0.05
	drawer: {
		type: DrawTurret,
      	basePrefix: ohionbase,
		parts : [
		{
      		type : RegionPart
      		suffix : "-h"
      		progress : warmup
      		heatProgress : recoil
      		heatColor : "ffffff"
      		mirror : false
      		under : false
      		moveX : 0
			moveY : 0
      		moveRot : 0
    		},
		{
      		type : RegionPart
      		suffix : "-b"
      		progress : warmup
      		heatProgress : recoil
      		heatColor : "ffffff"
      		mirror : false
      		under : false
      		moveX : 0
			moveY : -1
      		moveRot : 0
    		},
		{
      		type : RegionPart
      		suffix : "-pl"
      		progress : warmup
      		heatProgress : warmup
      		heatColor : "ffffff"
      		mirror : false
      		under : false
      		moveX : -1
			moveY : 1
      		moveRot : 5
    		},
		{
      		type : RegionPart
      		suffix : "-pr"
      		progress : warmup
      		heatProgress : warmup
      		heatColor : "ffffff"
      		mirror : false
      		under : false
      		moveX : 1
			moveY : 1
      		moveRot : -5
    		},
		{
      		type : RegionPart
      		suffix : "-wl"
      		progress : warmup
      		heatProgress : recoil
      		heatColor : "ffffff"
      		mirror : false
      		under : false
      		moveX : -1
			moveY : -1
      		moveRot : 10
    		},
		{
      		type : RegionPart
      		suffix : "-wr"
      		progress : warmup
      		heatProgress : recoil
      		heatColor : "ffffff"
      		mirror : false
      		under : false
      		moveX : 1
			moveY : -1
      		moveRot : -10
    		},
	]
   }
}