{
    "type": "ItemTurret",
    "name": "Baritone",
    "description": "A anti air turret that demolishes most air units with ease!",
    "targetAir": true,
    "targetGround": false,
    "squareSprite": false
    "collidesGround": false,
    "health": 1235,
    "size": 3,
    "inaccuracy": 10,
    "reload": 5,
    "xRand": 10
    "shootCone": 5
    "rotateSpeed": 3
    "range": 275,
    "ammoTypes": {
		item-tantalum: {
    	type: BasicBulletType
    	speed: 4
	lifetime: 68
	damage: 98
	ammoMultiplier: 3
	burstSpacing: 4,
	width: 8
	height: 10
	frontColor: aaffff
	backColor: ffffff
    	smokeEffect: shootSmallSmoke
	shrinkY: 0.4
	pierce: false
	sprite: bullet
    "shootEffect": shootBig2,
    "hitEffect": explosion,
}
		item-ruthenium: {
    	type: BasicBulletType
    	speed: 5
	lifetime: 65
	damage: 155
	ammomultiplier: 2
	burstSpacing: 4,
	width: 8
	height: 10
	rangeChange: 50
	frontColor: aaffff
	backColor: ffffff
    	smokeEffect: shootSmallSmoke
	shrinkY: 0.4
	pierce: false
	sprite: bullet
    "shootEffect": shootBig2,
    "hitEffect": explosion,
}
		item-rhenium: {
    	type: BasicBulletType
    	speed: 6
	lifetime: 62
	damage: 250
	burstSpacing: 4,
	width: 12
	height: 18
	rangeChange: 100
	frontColor: aaffff
	backColor: ffffff
    	smokeEffect: shootSmallSmoke
	shrinkY: 0.4
	pierce: false
	sprite: bullet
    "shootEffect": shootBigSmoke2,
    "hitEffect": smokeCloud,
}
    },
    "requirements": [
        { "item": "item-iridium", "amount": 95 },
        { "item": "item-rhodium", "amount": 85 },
        { "item": "item-tantalum", "amount": 95 },
    ],
    velocityRnd: 0.5,
    ammoPerShot: 1
    drawer: {
      type: DrawTurret,
     	basePrefix: ohionbase,
	parts : [
    		{
      		type : RegionPart
      		suffix : "-b"
      		progress : warmup
      		heatProgress : warmup
      		heatColor : "ffffff"
      		mirror : false
      		under : false
      		moveX : 0
			moveY : 0
      		moveRot : 0
    		},
    		{
      		type : RegionPart
      		suffix : "-pl"
      		progress : warmup
      		heatProgress : recoil
      		heatColor : "ffffff"
      		mirror : false
      		under : false
      		moveX : -4
			moveY : -1
      		moveRot : -45
    		},
    		{
      		type : RegionPart
      		suffix : "-pr"
      		progress : warmup
      		heatProgress : recoil
      		heatColor : "ffffff"
      		mirror : false
      		under : false
      		moveX : 4
			moveY : -1
      		moveRot : 45
    		},
    		{
      		type : RegionPart
      		suffix : "-wl"
      		progress : warmup
      		heatProgress : recoil
      		heatColor : "ffffff"
      		mirror : false
      		under : true
      		moveX : -5.5
			moveY : 1
      		moveRot : -45
    		},
    		{
      		type : RegionPart
      		suffix : "-wr"
      		progress : warmup
      		heatProgress : recoil
      		heatColor : "ffffff"
      		mirror : false
      		under : true
      		moveX : 5.5
			moveY : 1
      		moveRot : 45
    		},
	]
    }
    "category": "turret"
	  "research": {
		parent: ember
		objectives: [
			{
				type: "OnSector"
				preset: TidalLock
			}
		]
	}
    "shootSound": "shootAlt"
    "researchCostMultiplier": 0.05
}