{
    "type": "ItemTurret",
    "name": "Chaos",
    "description": "Chaos! Chaos!",
    "targetAir": true,
    "targetGround": true,
    "health": 3255,
    "squareSprite": false
    "size": 3,
    "inaccuracy": 45,
    "reload": 5,
    "shootWarmupSpeed": 0.05
    "minWarmup": 0.95
    "xRand": 0
    "shootCone": 35
    "rotateSpeed": 2
    "shootY": -2
    "range": 250,
    "ammoTypes": {
		item-ruthenium: {
    	type: BasicBulletType
	trailColor: ffffff
	trailWidth: 4
	trailLength: 12
    	speed: 4
	lifetime: 62
	damage: 65
	burstSpacing: 4,
	width: 10
	height: 18 
	frontColor: aaffff
	backColor: ffffff
    	smokeEffect: shootSmallSmoke
	shrinkY: 0.4
	pierce: false
	sprite: bullet
    "homingPower": 0.15,
    "homingDelay": 20,
    "homingRange": 225,
    "shootEffect": smoke,
    "hitEffect": hitLancer,
}
    },
    "requirements": [
        { "item": "item-ruthenium", "amount": 125 },
        { "item": "item-rhenium", "amount": 95 },
        { "item": "item-terbium", "amount": 135 },
    ],
    consumeAmmoOnce: true
    velocityRnd: 0.3,
    ammoPerShot: 7
    drawer: {
      type: DrawTurret,
     	basePrefix: ohionbase,
	parts : [
            {
      		type: ShapePart
                  progress: warmup,
                  rotateSpeed: -5,
                  color: "a387ea",
                  sides: 3,
			under: true
                  hollow: true,
                  stroke: 0
                  strokeTo: 4,
                  radius: 3,
                  y: 0,
            },
            {
      		type: ShapePart
                  progress: warmup,
                  rotateSpeed: 3,
                  color: "a387ea",
                  sides: 4,
			under: true
                  hollow: true,
                  stroke: 0
                  strokeTo: 3,
                  radius: 2,
                  y: 0,
            },
		{
			type: haloPart
                    progress: warmup
                    color: "a387ea"
                    y: 0
			  under : true
                    haloRotateSpeed: 4
                    shapes: 5
                    triLength: 0
                    triLengthTo: 7
                    haloRotation: 45
                    haloRadius: 2
                    tri: false
                    radius: 3
		}
    		{
      		type : RegionPart
      		suffix : "-pl"
      		progress : warmup
      		heatProgress : recoil
      		heatColor : "ffffff"
      		mirror : false
      		under : false
      		moveX : -1
			moveY : 2
      		moveRot : 15
    		},
   		{
      		type : RegionPart
      		suffix : "-pr"
      		progress : warmup
      		heatProgress : recoil
      		heatColor : "ffffff"
      		mirror : false
      		under : false
      		moveX : 1
			moveY : 2
      		moveRot : -15
    		},
    		{
      		type : RegionPart
      		suffix : "-wl"
      		progress : warmup
      		heatProgress : recoil
      		heatColor : "ffffff"
      		mirror : false
      		under : false
      		moveX : -1
			moveY : -1
      		moveRot : 10
    		},
    		{
      		type : RegionPart
      		suffix : "-wr"
      		progress : warmup
      		heatProgress : recoil
      		heatColor : "ffffff"
      		mirror : false
      		under : false
      		moveX : 1
			moveY : -1
      		moveRot : -10
    		},
   		{
      		type : RegionPart
      		suffix : "-b"
      		progress : warmup
      		heatProgress : recoil
      		heatColor : "ffffff"
      		mirror : false
      		under : false
      		moveX : 0
			moveY : 0
      		moveRot : 0
    		},
	]
    }
    "category": "turret"
	  "research": {
		parent: baritone
		objectives: [
			{
				type: "OnSector"
				preset: Stream
			}
		]
	}
    "shootSound": "plasma-pew"
    "researchCostMultiplier": 0.05
}