{
    "type": "ItemTurret",
    "name": "Conflict",
    "description": "A simple yet efficent spray n' pray!",
    "targetAir": false,
    "targetGround": true,
    "collidesAir": false,
    "health": 2960,
    "size": 3,
    "squareSprite": false
    "inaccuracy": 0,
    "reload": 120,
    "xRand": 0
    "shootCone": 55
    "rotateSpeed": 7
    "shootY": -0.1
    "range": 360,
    "ammoTypes": {
		item-iridium: {
    	type: BasicBulletType
    	speed: 3
	lifetime: 120
	damage: 20
	burstSpacing: 4,
	width: 8
	height: 10
	frontColor: aaffff
	backColor: ffffff
    	smokeEffect: shootSmallSmoke
	shrinkY: 0.4
	pierce: false
	sprite: bullet
    "homingPower": 0.1,
    "homingDelay": 30,
    "homingRange": 125,
    "hitSound": titanExplosion,
    "shootEffect": smoke,
    "hitEffect": hitLancer,
}
		item-ruthenium: {
    	type: BasicBulletType
    	speed: 4
	lifetime: 110
	damage: 35
	burstSpacing: 4,
	width: 8
	height: 12
	frontColor: aaffff
	backColor: ffffff
    	smokeEffect: shootSmallSmoke
	shrinkY: 0.4
	pierce: false
	sprite: bullet
	rangeChange: 80
    "homingPower": 0.15,
    "homingDelay": 25,
    "homingRange": 245,
    "hitSound": titanExplosion,
    "shootEffect": smoke,
    "hitEffect": hitLancer,
}
    },
    "requirements": [
        { "item": "item-iridium", "amount": 65 },
        { "item": "item-rhodium", "amount": 85 },
        { "item": "item-tantalum", "amount": 75 },
    ],
	shoot: {
	    type: ShootSpread
	    shots: 25
	    spread: 1.8
	}
    consumeAmmoOnce: true
    velocityRnd: 0.3,
    ammoPerShot: 7
    drawer: {
      type: DrawTurret,
     	basePrefix: ohionbase,
	parts : [
    		{
      		type : RegionPart
      		suffix : "-r"
      		progress : warmup
      		heatProgress : recoil
      		heatColor : "ffffff"
      		mirror : false
      		under : false
      		moveX : 2
			moveY : -1
      		moveRot : -5
    		},
    		{
      		type : RegionPart
      		suffix : "-l"
      		progress : warmup
      		heatProgress : recoil
      		heatColor : "ffffff"
      		mirror : false
      		under : false
      		moveX : -2
			moveY : -1
      		moveRot : 5
    		},
    		{
      		type : RegionPart
      		suffix : "-b"
      		progress : smoothReload
      		heatProgress : recoil
      		heatColor : "ffffff"
      		mirror : false
      		under : false
      		moveX : 0
			moveY : 0
      		moveRot : 0
    		},
	]
    }
    "category": "turret"
	  "research": {
		parent: ember
		objectives: [
			{
				type: "OnSector"
				preset: Twisted Roots
			}
		]
	}
    "shootSound": "plasma-shotgun"
    "researchCostMultiplier": 0.05
}