{
    "type": "ItemTurret",
    "name": "Ember",
    "description": "A sharp shooting basic turret, does its job well.",
    "targetAir": true,
    "targetGround": true,
    "health": 865,
    "size": 3,
    "inaccuracy": 0,
    "reload": 60,
    "xRand": 0,
    "squareSprite": false
    "shootCone": 8,
    "rotateSpeed": 4,
    "shootY": -2
    "shots": 1,
    "range": 185,
    "ammoTypes": {
               item-tantalum: {
    type: BasicBulletType
    trailColor: 5c2525
    trailWidth: 1
    trailLength: 5
    speed: 4
	lifetime: 46
    damage: 95
    burstSpacing: 4,
    width: 8
    height: 12
	frontColor: aaffff
	backColor: ffffff
    shootEffect: shootSmall
    smokeEffect: shootSmallSmoke
	hitEffect: hitLancer
    ammoMultiplier: 2
	shrinkY: 0.3
	pierce: false
	sprite: bullet
  }
               item-astatine: {
    type: BasicBulletType
    trailColor: 5c2525
    trailWidth: 1.5
    trailLength: 5
    speed: 6
	rangeChange: 50
	lifetime: 39
    damage: 145
    burstSpacing: 4,
    width: 8
    height: 12
	frontColor: aaffff
	backColor: ffffff
    shootEffect: shootSmall
    smokeEffect: shootSmallSmoke
	hitEffect: hitLancer
    ammoMultiplier: 2
	shrinkY: 0.3
	pierce: false
	sprite: bullet
  }
    },
	drawer: {
	type: DrawTurret,
     	basePrefix: ohionbase,
	}
    "requirements": [
        { "item": "item-iridium", "amount": 25 },
	  { "item": "item-tantalum", "amount": 35 },
    ],
    "category": "turret"
    "shootSound": "plasma-pew"
    "research": kindl
    "shake": 2
    "researchCostMultiplier": 0.05
}