{
    "type": "ItemTurret",
    "name": "Napalm",
    "description": "Fires a big ball of energy, good for mowing down armys.",
    "targetAir": false,
    "targetGround": true,
    "collidesAir": false,
    "health": 9758,
    "size": 4,
    "inaccuracy": 0,
    "squareSprite": false
    "reload": 900,
    "xRand": 0,
    "shootCone": 5,
    "rotateSpeed": 12,
    "shootY": -0.2
    "shots": 1,
    "range": 450,
    "ammoTypes": {
               item-astatine: {
    type: BasicBulletType
    trailColor: ffffff
    trailWidth: 10
    trailLength: 15
    speed: 4
	lifetime: 112
    damage: 245
    burstSpacing: 4,
    width: 25
    height: 25
	frontColor: aaffff
	backColor: ffffff
    shootEffect: shootSmall
    smokeEffect: shootSmallSmoke
	hitEffect: hitLancer
    ammoMultiplier: 2
	shrinkY: 0
	pierce: true
	pierceCap: 20
	status: shocked
	sprite: mine-bullet
	trailRotation: true
	rotationOffset: 90
    }
               item-polonium: {
    type: BasicBulletType
    trailColor: ffffff
    trailWidth: 25
    trailLength: 30
    speed: 6
	lifetime: 91
    damage: 865
    burstSpacing: 4,
    width: 35
    height: 35
	frontColor: aaffff
	backColor: ffffff
    shootEffect: shootSmall
    smokeEffect: shootSmallSmoke
	hitEffect: hitLancer
    ammoMultiplier: 1
	rangeChange: 100
	shrinkY: 0
	pierce: true
	pierceCap: 30
	status: shocked
	sprite: large-orb
	trailRotation: true
	rotationOffset: 90
    }
    },
	ammoPerShot: 10
    "requirements": [
        { "item": "item-astatine", "amount": 125 },
        { "item": "item-ruthenium", "amount": 135 },
        { "item": "item-tantalum", "amount": 95 },
    ],
    drawer: {
      type: DrawTurret,
     	basePrefix: ohionbase,
	parts : [
    		{
      		type : RegionPart
      		suffix : "-pl"
      		progress : warmup
      		heatProgress : recoil
      		heatColor : "ffffff"
      		mirror : false
      		under : false
      		moveX : -3
			moveY : -1
      		moveRot : 10
    		},
    		{
      		type : RegionPart
      		suffix : "-pr"
      		progress : warmup
      		heatProgress : recoil
      		heatColor : "ffffff"
      		mirror : false
      		under : false
      		moveX : 3
			moveY : -1
      		moveRot : -10
    		},
    		{
      		type : RegionPart
      		suffix : "-b"
      		progress : warmup
      		heatProgress : recoil
      		heatColor : "ffffff"
      		mirror : false
      		under : false
      		moveX : 0
			moveY : 1
      		moveRot : 0
    		},
    		{
      		type : RegionPart
      		suffix : "-w"
      		progress : warmup
      		heatProgress : recoil
      		heatColor : "ff6214"
      		mirror : false
      		under : false
      		moveX : 0
			moveY : 2
      		moveRot : 0
	   }
	]
    }
    "category": "turret"
	  "research": {
		parent: conflict
		objectives: [
			{
				type: "OnSector"
				preset: Stream
			}
		]
	}
    "researchCostMultiplier": 0.15
    "shootSound": "shootBig"
}