{
    "type": "ItemTurret",
    "name": "Pluricex",
    "description": "A slow shooting, but high damage railgun!",
    "targetAir": true,
    "targetGround": true,
    "health": 2758,
    "size": 4,
    "inaccuracy": 0,
    "squareSprite": false
    "reload": 120,
    "xRand": 0,
    "shootCone": 2,
    "rotateSpeed": 2,
    "shootY": -0.2
    "shots": 1,
    "range": 365,
    "ammoTypes": {
    			item-ruthenium: {
    type: BasicBulletType
    trailColor: 5c2525
    trailWidth: 4
    trailLength: 10
    speed: 6
	lifetime: 60
    damage: 455
    burstSpacing: 4,
    width: 14
    height: 18
	frontColor: aaffff
	backColor: ffffff
    shootEffect: shootSmall
    smokeEffect: shootSmallSmoke
	hitEffect: hitLancer
    ammoMultiplier: 1
	shrinkY: 0.3
	pierce: false
	sprite: bullet
  }
    },
    "requirements": [
        { "item": "item-rhodium", "amount": 125 },
	  { "item": "item-astatine", "amount": 85 },
        { "item": "item-iridium", "amount": 135 },
	  { "item": "item-tantalum", "amount": 95 },
    ],
	shoot: {
		shots: 10
		shotDelay: 2
		firstShotDelay: 20
	}
	moveWhileCharging: true
    "category": "turret"
    "shootSound": "plasma-burst"
	  "research": {
		parent: napalm
		objectives: [
			{
				type: "OnSector"
				preset: Stream
			}
		]
	}
    "shake": 5
    "researchCostMultiplier": 0.05
    drawer: {
      type: DrawTurret,
     	basePrefix: ohionbase,
	parts : [
    		{
      		type : RegionPart
      		suffix : "-wr"
      		progress : recoil
      		heatProgress : recoil
      		heatColor : "ffffff"
      		mirror : false
      		under : false
      		moveX : 0.5
			moveY : -1
      		moveRot : -5
    		},
    		{
      		type : RegionPart
      		suffix : "-wl"
      		progress : recoil
      		heatProgress : recoil
      		heatColor : "ffffff"
      		mirror : false
      		under : false
      		moveX : -0.5
			moveY : -1
      		moveRot : 5
    		},
    		{
      		type : RegionPart
      		suffix : "-h"
      		progress : recoil
      		heatProgress : recoil
      		heatColor : "ffffff"
      		mirror : false
      		under : true
      		moveX : 0
			moveY : 0
      		moveRot : 0
    		},
    		{
      		type : RegionPart
      		suffix : "-pl"
      		progress : recoil
      		heatProgress : recoil
      		heatColor : "ffffff"
      		mirror : false
      		under : false
      		moveX : -2
			moveY : -2
      		moveRot : 10
    		},
    		{
      		type : RegionPart
      		suffix : "-pr"
      		progress : recoil
      		heatProgress : recoil
      		heatColor : "ffffff"
      		mirror : false
      		under : false
      		moveX : 2
			moveY : -2
      		moveRot : -10
    		},
	]
   }
}