{
    "type": "ItemTurret",
    "name": "Thunder Bolt",
    "description": "A very efficient laser firing cannon, really long range.",
    "targetAir": false,
    "targetGround": true,
    "hasPower": true,
    "health": 15360,
    "size": 5,
    "inaccuracy": 0,
    "squareSprite": false
    "reload": 900,
    "xRand": 0,
    "shootCone": 5,
    "rotateSpeed": 2,
    "shots": 1,
    "range": 935,
	ammoTypes: {
		item-tellurium: {
			type: LaserBulletType
			drawSize: 935
			length: 935
			damage: 855
			collidesAir: false
			pierceCap: 6
			ammoMultiplier: 1
			lifetime: 30
			hitSize: 8
			hitEffect: hitLancer
		}
	}
	shoot: {
	    type: ShootSpread
	    shots: 30
	    spread: 1.5
	}
    consumeAmmoOnce: true
    ammoPerShot: 20
    "requirements": [
        { "item": "item-rhenium", "amount": 125 },
        { "item": "item-ruthenium", "amount": 135 },
        { "item": "item-tellurium", "amount": 95 },
    ],
    drawer: {
      type: DrawTurret,
     	basePrefix: ohionbase,
	parts : [
    		{
      		type : RegionPart
      		suffix : "-w"
      		progress : warmup
      		heatProgress : recoil
      		heatColor : "ffffff"
      		mirror : true
      		under : true
      		moveX : -1
			moveY : 1
      		moveRot : 0
			moves: {
					type: PartMove
					PartProgress: recoil
					moveX: 3
					moveY: -2
					moveRot: -15
			}
    		},
    		{
      		type : RegionPart
      		suffix : "-wm"
      		progress : recoil
      		heatProgress : recoil
      		heatColor : "ffffff"
      		mirror : false
      		under : false
      		moveX : 0
			moveY : -3
      		moveRot : 0
		}
	]
    }
    "category": "turret"
	  "research": {
		parent: pluricex
		objectives: [
			{
				type: "SectorComplete"
				preset: Stream
			}
		]
	}
    "researchCostMultiplier": 0.25
    "shootSound": "plasma-lightning"
}