{
  "name": "Iridium Mender",
  "description": "Heals nearby blocks rapidly.",
  "type": "MendProjector",
  "health": 1375,
  "size": 3,
  "range": 250,
  "reload": 60,
  "healPercent": 6,
  "consumes": {
    "power": 1.8,
    "items": {
      "items": [
        {
          "amount": 2,
          "item": "item-rhenium"
        }
      ],
      "optional": true,
      "booster": true
    }
  },
  "requirements": [
    {
      "item": "item-iridium",
      "amount": 120
    },
    {
      "item": "item-tantalum",
      "amount": 180
    },
    {
      "item": "item-rhodium",
      "amount": 160
    },
  ],
  "category": "effect",
  "research": "ember"
researchCostMultiplier: 0.05
}
