{
	"type": "ConsumeGenerator",
	"name": "Biomass Consumer",
	"description": "Takes biomass and converts it into power",
	"size": 2,
	"hasPower": true,
	"hasItems": true,
	"hasLiquids": false,
	"itemDuration": 90,
	"powerProduction": 0.3
	"consumes": {
		"items": {
			"items": [
				{ "item": "item-biomass", "amount": 2 }
			]
                }
		"liquids": {
			"liquids": [
			]
		}
	},
	"requirements": [
		{ "item": "sand", "amount": 45 },
		{ "item": "item-biomass", "amount": 65 },
	],
	"category": "power",
"research": fungi
"researchCostMultiplier": 0.05
	drawer: {
	    type: DrawMulti
	    drawers : [
	            	{
	            	  type : DrawDefault
	            	},
	            	{
	            	  type : DrawBlurSpin
	            	  suffix : "-rotator"
	            	  rotateSpeed: 12
	            	},
	            	{
	            	  type : DrawRegion
	            	  suffix : "-top"
	            	},
			]
		}
}
