{
	"type": "ConsumeGenerator",
	"name": "Iridium Fissure",
	"description": "Takes liquid iridium and turns it into power",
	"size": 1,
	"hasPower": true,
	"hasItems": true,
	"hasLiquids": true
	"outputLiquid": {"liquid": "liquid-hye", "amount": 0.3},
	"itemDuration": 60,
	"powerProduction": 1.4
	"consumes": {
		"items": {
			"items": [
			]
                }
		"liquids": {
			"liquids": [
				{ "liquid": "liquid-iridium", "amount": 0.3 }
			]
		}
	},
	"requirements": [
		{ "item": "item-tantalum", "amount": 30 },
	],
	"category": "power",
	  "research": {
		parent: iridium-node
		objectives: [
			{
				type: "SectorComplete"
				preset: CrashCourse
			}
		]
	}
"researchCostMultiplier": 0.05
}