{
	"type": "ConsumeGenerator",
	"name": "Terbium Burner",
	"description": "Takes terbium and burns it into a lot of power",
	"size": 2,
	"hasPower": true,
	"hasItems": true,
	"hasLiquids": true,
	"outputLiquid": {"liquid": "nitrogen", "amount": 0.5},
	"itemDuration": 180,
	"powerProduction": 2.8
	"consumes": {
		"items": {
			"items": [
				{ "item": "item-terbium", "amount": 1 }
			]
                }
		"liquids": {
			"liquids": [
				{ "liquid": "liquid-iridium", "amount": 0.2 }
			]
		}
	},
	"requirements": [
		{ "item": "item-tantalum", "amount": 95 },
		{ "item": "item-rhodium", "amount": 45 },
		{ "item": "item-rhenium", "amount": 65 },
	],
	"category": "power",
	  "research": {
		parent: iridium-fissure
		objectives: [
			{
				type: "SectorComplete"
				preset: TidalLock
			}
		]
	}
"researchCostMultiplier": 0.05
}